customer_id,is_returning_customer,is_returning_customer_probs
0006488bdc8a,1,0.5440638980518453
00071c8b2e3b,0,0.18662605521535874
001faefec797,0,0.29211793915465795
004cac8de8c9,0,0.12578860757314303
006a2764da9e,0,0.32276303639429665
008526ceba43,1,0.5710626947482385
00b1325bc375,0,0.16162765473222415
00b9b0c5ee52,1,0.8718427390468022
01019be54d8f,0,0.4720275157430192
011d8ac34e92,0,0.19353115558396147
013e465e5b09,0,0.1405129158851423
01494ffb88f2,0,0.11277372135715477
015cc904199c,0,0.17102626812018948
0160bcfd7e01,0,0.27497939726746096
0184e1e5f702,0,0.10013308638110585
018ae40017ff,0,0.09689064276929192
0192287fc26f,0,0.20525786177196678
01b687411a78,0,0.19019803046253445
01ca5be499bd,0,0.2872096365315755
01d90353f07f,0,0.10973071420911308
01e3cce2db9a,0,0.2712479182831748
020f9d0aabab,0,0.10751547397454274
0221a397a2e8,0,0.10352329408934677
022706bca56f,1,0.7228845447915502
024d3738babf,1,0.5105620458182341
025cfc975f48,0,0.11452287621608599
02a985c9370e,0,0.20768036617427
02e024139829,0,0.22378906671465607
02eb3e6fdfeb,0,0.18092967461575415
035b0c0a3833,1,0.9719062896977667
037958df39a0,0,0.3549759275637554
03c3a59a698c,1,0.7454779073498963
03df76bba8df,1,0.6246044890401056
03fc0b96fc9a,0,0.18618442442383681
042db8c19a5b,0,0.17372479606433316
045f3873a606,1,0.7516637953728192
04619c668f6f,0,0.10982618761328117
04ae516d8d8c,0,0.12145811549958871
04eacb49cfa1,0,0.24898830454026263
04f1c2af4b84,0,0.22926599840493633
04f60db81f7b,0,0.20764719820463903
050b8a8a1b3f,0,0.48168464362933305
05b9732de75c,0,0.13973919795473286
05c4feb171e7,0,0.13058954343671186
06130da5d0f4,1,0.9662399258175259
061899fc142a,0,0.14412918414234435
064fc6a48aa7,0,0.11048694104155041
065593f9f823,0,0.11831339116463781
0655ea6c02e8,1,0.5255512561841038
06689720dce9,0,0.12115242893020717
0680741a532e,1,0.7541900720471911
068adfcdb201,1,0.7187296610129776
069b85b26717,0,0.19750314752322654
06b10b80f4f2,1,0.9903366724418392
06b978125a12,0,0.12867624371645775
06d6832fcf27,0,0.10993707289313849
07489f8e17ab,1,0.8813143047976588
0750a7091c31,0,0.09514805086305002
07a3d953febe,0,0.10127942863508908
07c36a9c8557,0,0.26265340539001825
07e271439f96,0,0.2240497872667401
080969db39da,0,0.28485220201458133
082c9ca722d4,0,0.1323460046087022
083909dd50e8,0,0.1490494762398569
083ca31b4c7b,0,0.11899316192250842
084c023a5818,0,0.2061638928482111
08f731211a0b,0,0.15105659190482093
09243e445904,1,0.8986518320602471
09868dcd3fb5,0,0.18778650450819562
09a75d63818e,0,0.21421741752385423
09eea7c2469d,0,0.38280192407522823
0a34ed389bf3,0,0.1713306139135074
0a3d2bcaff63,0,0.08529686350857182
0a45b51e7728,1,0.883439508871555
0a469c800b86,0,0.44295132325136605
0af2a9e14083,0,0.30871012857012736
0b319b4abd0b,0,0.29034834573218216
0b555c609738,0,0.19458280448741236
0b820a4d01d3,0,0.11783683117542902
0b8c50dede22,0,0.11420730446998668
0bb70973dec5,0,0.2528685891618323
0bff223a1b70,1,0.6720731566792971
0c27a6b4f3fb,0,0.2297274784516315
0c3a87748477,0,0.16451698443627777
0c9020042918,0,0.12168488858990044
0c99d5c35604,0,0.46684134822099005
0ca3e872c24c,1,0.6129176404498561
0cb6840e6058,0,0.10493319169915759
0ce4bcb47c1a,0,0.43556087272549193
0cf0d2137bef,0,0.2668791537715043
0d1982477d24,0,0.3533708513712404
0d1d5db07386,0,0.17597674431801658
0d290e9e0d3d,0,0.477772938873508
0d54738c4d33,0,0.10949056685020553
0d6e0e434c7f,0,0.20770787511946515
0d807e074cc2,1,0.5303316207331626
0dc630193373,1,0.5241795201457612
0dd081ab3ba8,0,0.30815246314494477
0e4099779bad,0,0.09515713931812479
0e56b5bdc68c,0,0.12392800455750128
0e6d6aebd2f8,0,0.30353879855318333
0eb3d3fd92be,0,0.15360246360301955
0ef15424f7f7,0,0.21863480057809656
0f01cfbb8904,0,0.091488622534999
0f07e84fa602,1,0.9735770325562026
0f36ae039e6f,1,0.936047314195699
0f726d6781e1,1,0.8136285532163365
0f808fa8950c,0,0.4598426779156185
0f961c994d2b,0,0.1509822767560184
1049424e1031,0,0.10864749612614023
10e5e0bb5e40,0,0.09192656128561263
11407eafed33,1,0.9361585565862025
1152007707ab,0,0.46581945677469844
1172f540fba9,0,0.33172573330879457
11d87cdd5cb0,0,0.23722858981665432
120e52569234,0,0.4143814296137226
12118a7cfec0,1,0.5177653218489351
1263bf47f2a7,0,0.2799946224696725
127342dcfd33,0,0.13808800121814985
12ada45f0538,0,0.1280473183537335
12d3ebe05519,0,0.2337970420816966
133251d5b1c4,0,0.1867371936014878
1347841948db,1,0.9447123622149178
136f19508968,0,0.3043250031918213
13791218e453,1,0.9482150425688884
137c491131fb,0,0.1285869686856206
13a36699ad44,0,0.18059318260474744
13ae0c54187a,0,0.18423499237787974
140c259a3891,0,0.1291535658689166
141f0ff792cb,0,0.17120587945702062
143472a3d023,0,0.2469757109503187
143b6ddfd7aa,0,0.11974267381393301
1458e57fb87a,0,0.2674521203274653
14641d6c9267,0,0.1310239752417928
1465ea46a6b2,0,0.057213693146786405
147496d31a5c,0,0.15730179259437752
14ca72c7002f,0,0.17586603659926464
150cae7b12bc,0,0.21830849800460855
15232630a789,0,0.4360835095301677
1557635a48ae,0,0.1227373934314477
1576c5dcd35a,0,0.20116571527509103
1588afe36f21,0,0.15762189579458016
15a6a00dedb4,0,0.15077170883038482
16295d02dbb7,0,0.21766992818794934
168d20b543ed,0,0.22060734779970012
169a2fff208d,0,0.171198942092211
16c93dd099ae,0,0.3924556530927166
16d732e59016,0,0.16449252180219306
16eb4b644629,1,0.7090338799415279
17153214b874,0,0.3267613751578211
172c983bdb16,0,0.11994606016795055
1738ab2cc534,0,0.0997326609107425
178963d01338,1,0.7944792128742755
178bd7f8bffd,0,0.09029029209471154
17b97e19d949,0,0.20420620903310574
1837fb52819f,0,0.1268931104127928
18469487eece,1,0.6480390020731877
184c9157b847,0,0.10151682237183825
189f8b2d7c63,0,0.25449696758756457
1900e8bbffb5,1,0.5203687234190758
1955dc99696a,0,0.08828652726831723
1960b0670eea,0,0.16408348220721666
19e0a6606843,1,0.75857496742216
19ea986734f9,1,0.8010775652277325
1a2773395f6f,1,0.9880087709026744
1a288a2576f5,0,0.2731776674480645
1a3d4f11751c,0,0.30515526548786726
1a5068724fa4,0,0.10420343981609512
1b4b42e42689,0,0.18068062506148372
1b4b6b05e01d,0,0.282900030178158
1b67ac0eae5b,0,0.12154234871244957
1b74fc1baba7,0,0.2216504822350686
1b79d64c44c2,0,0.12246532537809784
1b8add3a308c,0,0.11748208848047034
1b9aa4c0fc89,1,0.8744270727284835
1bc021a71896,0,0.42914785194750826
1bc271312c4c,0,0.2480441328924225
1c05cb20fd6e,0,0.10236355147614375
1c190c85fcd9,1,0.7727063649262486
1c2d60fccc48,0,0.21396777407937992
1c8b48457a67,0,0.29094925005747535
1d123329fdce,0,0.21958884830125153
1d147f94875e,0,0.2766329378640008
1d159a66a6dc,1,0.9006460258137121
1d2cabe8565f,0,0.1578968309156019
1d77f82e1e36,0,0.20506720739842085
1d7b3a346420,1,0.565617458303844
1d7f5968d77f,0,0.24089403105841825
1d901dd788d4,0,0.23088105742182857
1d92c75edc0f,0,0.09809293419727164
1dab9f3ed926,0,0.3524195499930482
1de5ac038d3c,0,0.171100056478882
1df82a1c28c8,0,0.10149340089895631
1e033d0ed3e3,1,0.9680031230880418
1e48e04825d5,1,0.7120686554446501
1ea6c9fb3710,1,0.7516179673664041
1ed3535e4e10,0,0.19419266228567927
1ee0b2dc1fd9,0,0.32585513024739754
1f4ed89d9968,0,0.2134076388824391
1f5126e24677,0,0.20267009752104156
1f8d29922f85,0,0.2697755191524585
1fca0459debc,0,0.22599190010481113
1fccdff9d1b4,0,0.14377906726533832
1fd01a32f1aa,0,0.15139822663877975
1fd90ef63827,0,0.16254120003651873
1fec7440bcc4,0,0.1902928753485755
206d35052797,0,0.27597385398082425
20d986465c19,0,0.24285187900488803
20fc7dadf200,1,0.8152993459554062
2124523fe816,0,0.1285980762871718
212bbe72d9fd,1,0.9124456857904832
213c74f1ed03,0,0.23346999977396563
217372975f9d,0,0.22867224017073076
2187b3413224,0,0.3090266138898724
21b4d6441ea0,0,0.1159183885521267
21b69df05eef,0,0.3945378764942993
21c82c8bf02b,0,0.3350349388422619
21d141982f1f,0,0.19639796613140678
21f4f9b53a4b,1,0.5780883457851732
220e3ae538dd,1,0.8509845614650221
2222a01e2682,0,0.14817153429180455
2238b19da0fb,0,0.1147109871094132
22459f949f3d,0,0.17223047218975657
224c4b482ad8,0,0.15595653407672946
224e3141ddf2,0,0.2051108252525592
22557c0757c6,0,0.4644307007098191
22615d95628c,0,0.25677421572541165
228b1eff5e5b,0,0.14406238060353874
2293c3f700b4,0,0.46808839520671097
22bf01d3ad42,0,0.10608157021498608
22dda8239727,0,0.10799340398173825
22fd2eb0ab73,0,0.11615150042602479
231ef63569e4,1,0.9755451042662694
232793dea120,0,0.3224771170058283
23a0739dacbd,0,0.35696235142352567
23c4b5ab9d08,0,0.10266908894248297
2410efd22a62,0,0.09454540227626
241f04ad562e,0,0.3136598972460504
24583b101316,0,0.19825012939959916
246e224eac9c,0,0.05464452188740775
249154edd602,0,0.33655286427049896
24aefc357710,0,0.13492587353318877
24b210e6b7d9,0,0.33428954664516125
24e018aa1615,0,0.19135545862797643
24e333891801,0,0.43194582625393324
24f00f3dff83,0,0.23380505366961346
2595e39a3585,0,0.3543923167969682
25afb053bf89,1,0.594806567404833
260df732714f,0,0.24935960667928872
26469a7ddca0,0,0.24402272394194874
266f1ad46b93,0,0.20775392723175687
26833b244974,0,0.23722808358615466
26ca02442a45,1,0.9385704758662358
26ea508d39af,0,0.300165653641654
270a3db5e8c1,0,0.28924027347022935
279529d0edc6,0,0.10387494673240726
279aefc93ca2,0,0.13117578633142618
27ad82bce533,1,0.9131713558292189
27d458196c98,1,0.5940624010263049
27e2ef368255,0,0.35205291561925117
280f376decef,0,0.22696582447433922
2832a6e22b74,0,0.3894507824581859
283878c12315,0,0.2927612493909039
28728ae50f0b,1,0.9031096369432134
28b1a8d6b1af,0,0.22018101948686236
28b9d9db8bcc,0,0.11156257932755217
28be5b3c6954,0,0.157092161295078
28dc7fc15ffd,0,0.09855627930100172
2904fa80ce9c,1,0.6212781547534041
290da9c1311a,0,0.470652741648432
293a03534944,0,0.4354402721197487
2946294b4018,0,0.14142623160647966
297c94c109c4,0,0.1261438764876138
2987796591d2,1,0.9756961740519637
29d0b27ca106,0,0.3074705246642225
29d8aa176075,1,0.6161279254304489
2a137cc57e57,0,0.2450750570593049
2a42b379ec28,0,0.28461544347546985
2a807407ada1,0,0.2413502726286264
2a89d0ac7756,0,0.11576367903233985
2aedfd0715bf,0,0.23721780777922813
2b0d1657792a,0,0.2434426631847757
2b22cea92131,0,0.13078570544921983
2b682799d6b4,0,0.32533842149373654
2b6aba0035bc,0,0.139094095473035
2b774916a7a9,0,0.28070412394337807
2b95ddbd5396,0,0.06333676970849543
2bd7e4a430fe,1,0.7161319188590706
2c332d1530b0,1,0.8416341117974495
2c4f4ce5a718,0,0.22744513989761606
2c585029424a,0,0.14009321379676604
2c63501d75de,0,0.4219967820219842
2c6624ae51a4,0,0.2014186010485666
2c8bf255db23,0,0.12613853740137201
2cde24c51ef7,0,0.10760148755526136
2cf23208b2eb,0,0.34512469802235
2d15d6da1e3c,1,0.5355567894712148
2d18a6d0138c,1,0.5586700898311779
2d1a76de1ce9,0,0.16950867349020168
2d36628a009c,0,0.2519214147684362
2d394dc03e53,0,0.4378685838712162
2d49aac92b52,0,0.12905656692418266
2d559367d46c,1,0.5875668045668994
2d7c18efd954,0,0.13090352790545798
2d93032569ba,0,0.13471019541760895
2da97ab04713,0,0.2921798345847087
2dd9b9733e85,0,0.3849697755278117
2e072e41f0d7,0,0.23443057518041807
2e4f488059bc,0,0.113406653092717
2e666a49d9a4,1,0.9569072972501602
2e821248ef5a,0,0.3491921731423311
2edc143c3034,0,0.15502522261925908
2f0d99ad4ae1,0,0.27395035224705766
2f3fb11cfa19,1,0.5796330463628562
2f47cee80230,0,0.12257232082361957
2f74570b60c2,1,0.5361298178956669
2f773341276e,1,0.8151018982212118
2fb34f4b8ea9,0,0.16289729278326678
303a6259cfdc,0,0.30112393327487436
3069e9d0a434,1,0.8426966321414482
30e2ff1d4031,0,0.18446384901019097
30e5d7369cf2,0,0.17584842262507097
315206e49c48,0,0.2733616785024485
3170cf4e0ae9,0,0.3844130135810365
31971caa246f,1,0.6994980350994093
31ae40ab4ae9,0,0.2338491745139251
31d9b7baace4,0,0.21585920530924768
3228533b324a,1,0.9846018149662722
3233d5a90006,1,0.9805922397655933
3235716872b6,0,0.3921903398064141
324103e7745e,1,0.5037161906423718
32567e62f7ec,0,0.21620725100848565
3257f8d99b9a,0,0.2317723289364416
32bea193ba17,0,0.1650343323550682
32c0a6b4f2fd,0,0.10401189116947998
32d370875f71,0,0.33694266809197027
32e43c96d642,0,0.1155587616394765
32f0e02872c2,0,0.12284460346006318
32f95acc7177,1,0.5384490192954328
3302c5f8d709,0,0.30734409416691805
3311c5f673b5,0,0.16515638745084366
33754218272a,0,0.3013722405863067
33851cbfe984,0,0.15319820891456498
339c497e8efc,0,0.2046756854256477
33fb63c75831,0,0.17056543346097353
3462a0c4d162,0,0.2596695850488633
34667737aefd,0,0.34441397442393407
34a437a1af51,0,0.11186504137030993
34b91ce3ee58,1,0.9853086459710362
34e20be5bc54,0,0.09896446234738696
34f2ae64923a,1,0.5684744206121449
34fadb97395e,0,0.1744735788483462
350f95be4867,1,0.7964858815952426
352a1c6b8bfc,0,0.3287333054152795
352adadc54b8,0,0.27829036193747875
352e29519415,0,0.16470562358827004
356ab9324b22,0,0.21471022970122805
358b369651bd,1,0.501918919217434
35a56267b67c,0,0.14874019078981104
35b415a68fb8,0,0.2303487207439245
35c043c29cd8,0,0.46973395702729465
35cfd75d3116,0,0.13482934527549048
35e4e0b5470e,1,0.6532724200329096
35eb74a84f9a,1,0.8005631471157568
35ffb5416f15,0,0.11344252525447723
36146888f886,0,0.24664179334310057
3618d73fc1b3,0,0.27532353920394115
362ad472fad0,0,0.09703698751953803
3630787e9579,0,0.20620992655239143
364338c700a0,0,0.13442927774991734
36539f0ee78e,1,0.7742231027936426
368025346a19,1,0.5787207726762991
36f445e87f09,1,0.5519471975374428
36ffa179f7ea,1,0.5550201931112639
37034ae8396c,0,0.4941175948110458
3722992b461d,0,0.3004802865529732
3768689cac84,1,0.7006328369276263
3788e2ddd92b,0,0.12438071182935874
37973ba19e6f,0,0.10139517326410043
37aa923105ad,0,0.1298831669795806
37eb8e81c383,0,0.16146071802845063
38117b956fd5,0,0.16424957792227923
3838c13f5e40,1,0.8324098461927233
386cbea75532,0,0.18083177141961865
38aac81d0d37,1,0.7099754241297173
38af4897720a,0,0.14114356786330812
38c7c23a84a3,1,0.9159918115099493
38e1855ddaaa,1,0.7743595638878997
38f58ac73b9d,0,0.3430331510626937
390fb3c96a4a,0,0.09501163800171106
39387489a516,0,0.22761474305835108
39b952fdb447,0,0.22063609359200512
39baf6d8331d,0,0.13278663595623447
3a96c2c676c3,0,0.21796685441989058
3b0d3f7bdb4b,0,0.17498857908198037
3b168a9fe291,1,0.5814487906314787
3b968dbb62d5,0,0.15910023241112645
3baf3ab39cca,1,0.7103189510142047
3bff17e324cd,0,0.2683488373562671
3c3c5c368bb3,1,0.6136602051819234
3c441983e5ee,1,0.5064386372580439
3cd74790b209,0,0.15478922936058626
3d6f7291c504,0,0.21791311410909994
3d79493fce77,1,0.6508162483624444
3db5511df0c6,1,0.9701471583723584
3dcc408255ad,0,0.1649192645699244
3deb932418bd,0,0.19655337494801606
3df01973bde0,0,0.20552322191666997
3df92d058fa2,1,0.5952460349326665
3e07ed447afd,0,0.1995939865081384
3e163eafc131,0,0.21258111720172904
3e256896adf2,0,0.47336434683826034
3e5c0712e03a,0,0.26299131929345326
3e67983cfcfb,1,0.5156518589317807
3e94e33c5fcb,1,0.8177574799867405
3ec025ba73b0,0,0.1804440546076921
3eea1082f8e6,0,0.26639167760856597
3ef18fd0d593,0,0.29394649584011395
3f68427ee5cd,0,0.35921392823741954
3fb6982cb7c4,0,0.18352911381228187
3fb76e39e958,0,0.24948945124451843
3fb912210cf4,0,0.47255935780174835
3fdb1777ccb7,0,0.1787731962880302
40140f909cd5,0,0.23189243453065447
404aaf46b86f,0,0.21534818277138543
406a99a4edd3,0,0.49651382106977215
4078e21a67b7,0,0.16459312448868177
40919e133a94,0,0.17666007412837445
409bd8eb2e74,0,0.26369126136366733
40b448a2f761,1,0.8625005156954016
40c3de81d36a,0,0.08684392177157577
4109bbaab97a,0,0.24563297556777006
410da8345adb,0,0.4200402003519621
416b5310cb5a,0,0.21121729943121859
41867fa12eee,0,0.49285871323629027
41da25c50e54,1,0.7417178484045217
41da921dd271,0,0.13479499909272116
41dd453466f9,0,0.10030987105086613
41e438062b39,0,0.19775828455461505
425d497d76c8,0,0.35075998654716395
42944f2c7dd4,0,0.23986433356248724
4325f1b73e01,0,0.09248028851359186
435404cb9c71,0,0.17445819066420112
4359b90e1f9b,1,0.708932135357745
4370a6789939,0,0.16107863975941372
437fc850dc74,0,0.3177913736186123
43a6bb3f4f3d,1,0.800477472616092
43ab8bcc4251,1,0.5859418677583925
43e72a7f2554,0,0.41272290120191135
43e7df9e2f42,0,0.11666557498289826
44006e1461bf,1,0.8564205189813338
443b4e20abb0,0,0.41929022762448476
446886794d43,1,0.9837506811146921
449421558a2f,0,0.12649582010077312
44d5eafc112a,0,0.09116598427985319
450ef783b97f,0,0.17765390148688426
45618752b57f,0,0.2197818409979649
4570c6404ab0,0,0.39730549909373497
45f3ff5a2300,0,0.2771467282000641
460fc82382dc,0,0.33074309425606013
4646795d8487,1,0.5893358742961435
465dfe4d5b86,0,0.26803192572115997
466cd5a65141,0,0.23233795280727604
46d822721ebb,0,0.4174368958154378
474fb1543aa5,0,0.24588606973346772
475ae09a390b,0,0.15644839380225614
476d24682a36,1,0.6651463427307039
47ac6b488dd8,0,0.09395740533255208
47adf8199740,0,0.12705949964921465
47b022de97a4,1,0.5911958534564692
47bb45bbc0da,0,0.1839473092408706
47cc8ad097ce,0,0.290048866295711
4820d7234bfc,0,0.19921543019216534
4821d86a3682,0,0.19488118021809742
482414d4636d,0,0.19111027513500164
483b5056d427,0,0.17968794132034532
4849335adf29,0,0.16045120560073023
486319a52811,0,0.14985057761837187
486fd9d45601,0,0.11472927912462037
48b9a7545fdb,0,0.33128795062658356
48ea1dc0ebcf,0,0.3527262144519447
49431770a98a,0,0.09850129279341471
49523e170a2d,0,0.11767182606164563
498d8fea5879,0,0.11045419709266949
4993dd92b615,0,0.2346851011309679
49e5203eca28,0,0.4678291543915103
4a1e1bc597a9,0,0.41140115894480295
4a36e44128bb,0,0.3985017728715284
4a53760decf9,0,0.21711699580031432
4a58f4092ec0,0,0.2257799697558481
4a8bc7e0cd2c,0,0.3361598228609118
4aecb8801cc2,0,0.333702363929213
4b0744fa6e2b,0,0.30053144232443924
4b2682404266,0,0.12642696619894145
4b5e679f17a2,0,0.17125415587899445
4b937a52754a,0,0.16665199464340666
4ba315020d1a,0,0.13925977796083902
4be85b23facf,0,0.21672754107426292
4c1aca2ddceb,0,0.35153890974995056
4c3651ead71d,1,0.6204873213648371
4c3ac977f502,0,0.12554255116565258
4c7b73f317cc,0,0.1588627799724707
4c7bf35390a9,1,0.9496267243463427
4caa0b548477,0,0.20264418004336196
4cc2aa0396bf,0,0.11289609971862131
4ccefe96e62e,0,0.10620282517943669
4d03d304ef1c,1,0.760768682581762
4d9805cea8be,1,0.819876682561988
4dbba01da55a,1,0.5935559817261858
4df117e2e53e,0,0.1897175461048034
4dfb6e69e193,0,0.09954965328440461
4e0debc22a0e,0,0.11726814654888223
4e24ae0c3640,0,0.13760324966522433
4e93373efb23,0,0.371943679742013
4e9724b9f07d,1,0.6611019087867163
4ec4b0555076,0,0.07688539849185153
4f548d9d895b,0,0.27675171761994777
4f7bd9b129c4,0,0.4404077875760605
4f897c3f8ae0,0,0.11444024504915612
4fd5a6339e76,0,0.154639439958144
4fe718bf9739,0,0.21153537632777553
5037a27db117,0,0.2610334658427485
50a6d7cc5f33,1,0.8576709749195275
50fedad76346,1,0.6419934204035017
512ccf7f7e2b,1,0.5988361457824342
512d0b37567f,0,0.16118157669199862
51523a535424,0,0.17267018645975385
515e281c6675,1,0.809637119807311
517c7cb036c4,1,0.8323511403048319
51caa528e7fc,0,0.4896800068647431
51d2606e4252,0,0.22783975808957616
51f19c3538e4,0,0.26781102654940253
520b2d316712,0,0.47636414049368997
5246b5ebed69,0,0.16854919182499103
5247b23d57b7,1,0.7130976208126776
5249d61f9ec4,0,0.2282356337781321
524f7f267501,0,0.2170525426567054
527c970fd749,1,0.5376076110315636
52b03776eddd,0,0.23382314765888457
52c86f5fe3c3,0,0.23074545092524257
52e30890373b,0,0.38872631259802476
52fc48d9d9de,0,0.2978706683402315
5327057bc4ac,0,0.4410440582685103
534df9538859,0,0.2310029956514565
5350c5711e5d,0,0.16194761751293038
5365e27acdcb,0,0.12646871263681225
539cef6be799,0,0.285308943471172
53c342b7af08,1,0.886314771586604
53d86d9bfd0d,0,0.3009006352044582
53eb4c7484f1,0,0.1089719687648198
53fcd324d719,0,0.09482633199761882
540ed59d6124,0,0.2054578165404483
54190d4a64eb,0,0.23110772873781327
548c7c8fa742,0,0.24058870827983095
54d45438f31b,1,0.6868877751607246
54d5e2266753,0,0.10431185069795164
5501575df19a,0,0.08533441429002808
552c6adeebcf,0,0.38340992333311785
553868d1e8eb,0,0.14769893041232574
5573bbbf0244,0,0.2185995178268693
55a41b0fe4a6,0,0.10107823244562504
55aceb6a54f4,0,0.11032837563162165
568b140a700b,0,0.28672038891421914
568e170fa27c,0,0.18488647620306328
5698713eb8c7,1,0.9487302589087147
56dd3180aabc,0,0.12469963565632747
578172d2394c,1,0.6103167587470051
57ce24714be5,1,0.8790950075669323
57dbd9c8cd7b,1,0.50387219312008
57dc44522f12,1,0.6839010596112401
57df082a32bc,0,0.14199820823798937
58a24c541541,0,0.415185062264043
58cc6de7f739,0,0.3365806777082908
591aab628d45,0,0.32278852709744527
592f9af72982,0,0.11052613486518434
593e5eb2c0d7,1,0.8619611343561578
5957f7e5878f,0,0.15728849034015904
5960c1e94310,0,0.34325829590232765
5966ee12df03,1,0.586787311686919
5983c8278a70,0,0.06038646370763223
59b123980e0b,0,0.15442156897149772
59c53474aa1f,1,0.8681296297826353
59f1637eaf7f,0,0.15428943055750494
5ae7237e2298,0,0.4718335330798314
5afc3627d3a7,0,0.11822503461158367
5b3989097b81,0,0.16199588841680534
5b5aed95e100,0,0.09089655492827305
5b776971450e,0,0.17206201955844058
5ba6639a2a8f,0,0.26118413315090855
5c16923be9ea,1,0.9010326521554666
5c25fd44382f,0,0.4107190257749905
5c4eb5efb226,1,0.7394815484370569
5c933929efe2,0,0.3677706915332076
5ca65b28601d,0,0.196468624345896
5d2a9bacc2d1,1,0.8706442571321892
5ddb7f3d430f,0,0.2790954084206859
5de24664e94f,0,0.1899259821291959
5e0f151de3ef,0,0.4559444277323979
5e4ea2087c75,0,0.13934640170842563
5e62f21e73e7,0,0.41598657964079894
5ebd639132a9,0,0.19106706717388883
5ece7b56ebe8,1,0.8097381628664273
5f12b4da4017,0,0.3266925859566842
5f1863244268,0,0.3509356690530552
5f53478b8182,0,0.16568658278433798
5f5d7826ae7e,1,0.5452616428240472
5f824d2c041b,0,0.18037564219517657
5fbc33edda73,1,0.5772994601032654
5fbc401545d6,0,0.2202807468650848
5fdcbd08b876,0,0.392346106827314
5ff2f700cf81,0,0.1464327173781891
5ff310cdf739,1,0.6390144355829734
604b3fdabe9a,0,0.4660208763826639
6064c3fa6cfb,1,0.7751458283481019
607592a92951,0,0.14531663929553992
608d554cbd2b,1,0.767670128279745
6092107691d5,0,0.1469506002081947
60a13d80d188,0,0.48865830443817343
60d3b0ee498b,0,0.2543843947948006
60de014e1f71,1,0.7862948216867859
60e28688e2e7,0,0.1774133416312324
60ffb54d6b5c,0,0.1279446092613888
613b00b7f916,1,0.9832740147781043
61bc809f8edb,1,0.6420011761603858
61cbb7c12f61,0,0.12755837226663017
620014ebf7c3,0,0.18403769830201505
62337b587754,0,0.12313465672157153
6255287ef037,0,0.20574088322350018
62701cf2938a,1,0.9852453547664841
62fc7c01e0f9,0,0.30939604221989164
631a64c7df84,0,0.1783706226125501
63290b57bcdb,1,0.758419646421964
6367da2d4bc3,0,0.04686850200584503
6368d971cbc4,0,0.11113022734541124
6385619cd86a,0,0.37914290926870703
63a6c6ef04a1,0,0.3327917059244169
63df1ce66397,0,0.1661820485124442
6412eead8669,0,0.12654534748369514
643f33277cbc,0,0.11159532819350904
644c4eb97586,0,0.12453351603814979
6453fdb3a740,0,0.28511096258952917
64604ff43745,0,0.11992564864452389
64608142820b,0,0.22069419673388765
64724ae3d09d,0,0.12050654221763732
649c59e43173,0,0.18363835710606227
64d4b79224e9,0,0.10481866840399319
65045b6f1116,0,0.2649972457124663
650e8f03b8e0,0,0.11815105252902408
65149d6e45e2,0,0.4418838747387499
65155207d247,0,0.1036712370759827
652386880e71,0,0.46751331032096594
65558f956b04,0,0.08651349406441156
655e6b22cf5f,0,0.2744694334127287
65696c504d19,0,0.38219568750103317
6572a9b0d9da,0,0.188781314703029
65783b7b2d1a,0,0.15739113609281258
65caef801050,1,0.9009005465732539
66026efb8816,1,0.6738368339403332
662175738ff9,0,0.12021980099182679
662fcaa02561,0,0.2271125774544509
66732b71a15f,0,0.11907520555288217
667949df295a,0,0.08950880287179148
669efa1ed8c9,0,0.23038790984307148
670347fc1038,0,0.24148448633058836
67331f68b562,0,0.16343647977502263
6794ca07c500,0,0.31576923645647825
679a8cdf0d49,0,0.17099404957371991
67b94f95cf1d,0,0.20293225575734258
67c61636134a,0,0.3029502913406829
67f943ea2506,0,0.31146695442708217
6809f0bc29c1,0,0.13242283692562695
68259e73a8b1,0,0.21213542985231879
6864176a7127,0,0.31158972469658086
688d5ddf614c,0,0.2913643055171474
6894aefd8173,0,0.26094269740206144
68a3f9c9ab32,1,0.662064807210516
68ff3f969b21,0,0.18811111627309937
694a6a24ea30,0,0.2638191445528733
6964a486becc,0,0.2900193903397824
6964d9771e02,0,0.20612581662095356
69d89832b4bc,0,0.28470165052729396
69e00cda1e9c,0,0.28743725932550485
69e44af10a08,0,0.12070805198337299
69f34f1c8d23,0,0.15395292827588625
6a0c41c4d315,1,0.6452555746331747
6a144b68b544,0,0.15057405437643273
6a2e270178dc,0,0.15019389313827422
6a816440cfe1,0,0.13672374702114198
6a98980916a6,0,0.1372649806350893
6ac2010c75a8,0,0.12013664250233252
6b483377b94d,0,0.2989426562664015
6b7dc2c1f07a,0,0.36994815415621934
6beab75517c4,1,0.8763227993598495
6bf70ab94478,0,0.2584255157331844
6bff52d5db6e,0,0.22584954166961485
6c1ae3f5d473,0,0.1459164356806709
6c1c7cdcd675,0,0.2303919072985663
6c40b685b829,0,0.10937010827596066
6c42a5178678,0,0.10862310054200787
6c8c030fe92e,0,0.2905317762084755
6cd7f6be7095,1,0.7358303063342037
6cfc30f0da28,0,0.22783541569350485
6d65dd8a3343,0,0.2454290656392672
6d7e1234e740,1,0.9487065927464002
6d89e9421094,1,0.860623662223267
6db5c39a22af,1,0.7052111992994652
6ddc6fcb6819,1,0.7549074653803856
6dfeb77dea20,1,0.7745857393528581
6e088dab1628,1,0.827100758145815
6e470ce7c115,0,0.19434201552521685
6e53c109c50f,1,0.7708951531804464
6e5dc04d1213,0,0.3256774429120398
6e68595161ec,0,0.23822432341351132
6e8c8c99819e,0,0.3985795565310515
6e9abf75cb28,0,0.23838086240864828
6ea511e8f9ee,0,0.24587507208118714
6ed08249471c,1,0.9602421006245785
6ef63135706a,0,0.36550987287947384
6f6218ae996c,0,0.2733719820850636
6fe022b4a235,1,0.7426359113889106
7002a8f2fac3,0,0.27841429057384814
7016c9a78c0a,1,0.5099925401314883
701bebbe34a1,0,0.4903538710873736
7087a718622d,0,0.11460208808904584
70a6864f90e6,0,0.32918370512922934
70bd2119da12,0,0.30994833570900604
70c60739a032,0,0.38645408160933203
70d00c33780a,0,0.1177443436774448
70db62c32b08,0,0.11078900083635426
70f19adccf5c,1,0.6539809967013763
70f551fe2a70,0,0.3349174591512057
710c22eb0f84,1,0.7007206654505165
7147ecc1ee63,1,0.7811358931948368
715b397c654e,0,0.11001934333708295
71661de4209a,0,0.1456504089789965
718d22f63622,0,0.2034439099478686
71cc2045357c,1,0.8399120882673966
71f61d5059a1,0,0.17100578392065402
72078d34f5e6,0,0.27230577279452006
720e5dbd2fe0,0,0.3466054719488722
72343045d98e,0,0.11057873763006082
725d4320d420,0,0.15706224795756868
726455a66043,0,0.2445446944722047
7285447b9f34,0,0.23004025508046766
729bac23a57e,0,0.09010599197860857
72fbcde144f8,0,0.20408989759659088
731981d8fc0f,0,0.37742535164563057
733bb4ef9618,0,0.14607136364906825
73619e18c0ff,1,0.630177887855103
73641f9c805f,0,0.37189203004135707
736a82cee034,0,0.22507946655490657
737161c3bf8c,0,0.22488692485549194
7374bf753ac3,0,0.28173353388372585
73768d8574ee,0,0.1451749469344906
73834b132e15,0,0.24758766039428817
73b46a5cd597,0,0.17762251137451096
74055c8548b9,0,0.43949862379896787
741296727cd8,0,0.2625948877410611
743ef3ec1241,0,0.17152023168190264
7485de984863,0,0.16910660680213757
748f43a1635f,0,0.272342435023862
74915462e858,0,0.18281854189678556
7498022486a3,0,0.3640284464532214
751f94fb6ecf,1,0.5019229932983382
7527313075e9,0,0.3296697267399075
7581e001bc13,0,0.10395845698316186
7585d46b2e01,0,0.1768691230417441
758c6bc13a1c,0,0.15796606693122428
75aef8a89224,0,0.11390797947381893
75aefc147f5d,0,0.33426170665550836
75bb5e2c9c8c,0,0.2725573335794839
75effff7a4e6,1,0.6502940185743425
761f074855ac,0,0.3503890292495002
765b23f87758,0,0.25947760628030814
765b715d039c,1,0.6530846559605199
7670381d81b7,0,0.2242108116633885
76753d9f0950,0,0.07207606709482706
76779d531656,0,0.11707944032061358
76cf7b0abb35,0,0.19471190035407668
76d14c32460f,0,0.13457449641260533
76ec9a8d693a,0,0.3325970594492233
76f2e3f489a8,0,0.19393345184370733
7717108edd2d,1,0.5540516208494616
773b70ed4afb,1,0.6487886176763416
7792d96b264d,1,0.6010432775957475
77e92ff0f0e2,1,0.9780358257283734
78458849596a,0,0.16430064684302398
7848309d4aea,0,0.2557374359762215
78ce513e7f6c,0,0.245802078084118
78ead6cc43e1,1,0.711287359412216
78f49783625c,0,0.24151484403501966
79383fae9dea,0,0.15258480716574757
795ad7f9ac84,0,0.17073922144562054
7968d345e3d6,0,0.10093126541266166
798972b35c3a,0,0.12090108289942463
79a2a9198d2e,0,0.1273616104724263
79dcc450c206,1,0.5533321504159077
7a2ffa52090b,1,0.7871730167076767
7a3532f81294,0,0.10146354178326888
7a6135f2add0,0,0.1698881598305645
7a653626fd1b,0,0.14309451843532728
7a6c5fd410a3,0,0.1385181812844621
7a8921c6f146,0,0.4387786428932084
7a8e3e6728b8,0,0.21195128339205754
7a9c033e7c22,0,0.20620975982498413
7ac18cd31395,0,0.12548901100273577
7ae7698ba2b0,0,0.2877882784504414
7b13902778db,0,0.2500891417149924
7b723de3e4d0,0,0.2765831646415189
7bbb55e021e2,0,0.16380055012982533
7bc23ab1c5d8,1,0.7367920784336085
7bd935043b20,0,0.08795582504349764
7bf0678f8cd6,0,0.18432874849005745
7bf11db4af71,0,0.3608948084543336
7c017b5812fa,0,0.1370255008241924
7c27cecd7189,1,0.9635391822422629
7c2a1c675645,1,0.9195789151133918
7c6a86896c31,0,0.18567782744323136
7c8f25868c33,0,0.332319963746188
7d24fafb337c,0,0.23610482172274114
7d565269c6de,0,0.251911439241023
7d9b5601b2ad,0,0.10252430304244227
7dbbc791be88,1,0.9162026159573757
7e3382fccf04,0,0.21391102572668552
7e8dcd8e444d,0,0.2194474772455331
7ed64cfe611c,1,0.9833386448476088
7ef2aeb498cf,0,0.04474664626111547
7ef64e562d6b,0,0.12847387318979647
7f41ad064494,0,0.30911632438396575
7f76baa5b62e,0,0.23510635589059592
7f7f0a8ad2c9,1,0.6670631332321277
7fc0b8cc6d19,0,0.34294841520090136
800d5d939360,0,0.43756767861029183
80255e64710e,1,0.9300160328252258
80bbb0b2ef22,0,0.32804743225890204
80ef3fe29a4c,0,0.2865674986024191
8100e69ad845,0,0.14467541465367997
816824a3efd1,1,0.8895434032419486
81720c2e143a,0,0.16207222753736567
8185ced74aec,0,0.12936124102733618
8191c205e396,0,0.1941045755707295
823328f1c569,0,0.24436800461908867
8257791c8d81,0,0.2648479811815008
82825862a850,0,0.4412752459374521
82f9dbe6f7a3,0,0.24407793222414478
831cfbb7070e,0,0.12578462595666878
8335fa6ee5ba,1,0.8703645197741933
834b6ee116a5,1,0.5856115758516596
835b91c8714b,0,0.22473921744112532
8399689ebcc0,0,0.14840562744334643
83afa99399c9,0,0.15409390908289497
83de0fae1dcc,0,0.13612838665026625
8405b40797c4,0,0.14444612257146808
843eba467dd0,0,0.155821777098944
84ac11f0b5f5,1,0.7110075599869071
84b417050044,0,0.22813558461767444
852557803498,0,0.16429060478838498
857b057bc589,0,0.1325492368064363
8597e0d4ea16,0,0.2947803893903496
85bab6bc5475,0,0.16850564641799531
85d519efde3f,0,0.3044900459406458
85e8aab961e3,0,0.37555981963026847
86192a5e0e2e,0,0.10872686080881264
8627c9cc1aa4,0,0.37704275825140504
86559f49e42d,0,0.09795797419373217
86a0650d4c39,0,0.1905617625531553
86a1a4328dff,0,0.2897891090399163
86ac3e7d62c6,1,0.9205082988086735
86c6195742e0,0,0.21231492434289087
86ec2734f00a,0,0.3159350436513455
86f298f2bd38,0,0.30773095636666903
872352399e0b,0,0.3053891969629441
8768096be51b,1,0.6142947413733281
8775d0707b6e,0,0.21144808053150885
87bace3c99fa,1,0.6433664574750774
87e212d63e84,0,0.36299306092881434
87fec7053ff2,0,0.22715776495455603
880a53ba302e,1,0.6136458990573957
8850c20fcf41,0,0.16824342579534793
8867f1f26c2c,0,0.4153817257406771
886a3ef8f62e,0,0.3318337500686266
88a7100010b0,0,0.43492284455837465
88d08532b835,0,0.19328722559243713
88d5e22680bb,0,0.22748476985281574
88d742312c88,0,0.10887270773190988
88e79229b1ed,1,0.86366910267509
891628565ac2,1,0.5125887744023768
8916df994017,0,0.1523645569714934
8945cd4517cd,0,0.18317627740294704
8985195b0977,0,0.13245734509595508
898ab9e91fb2,0,0.19976154780122551
89a3dfb8d306,1,0.5296725192835373
89dac7c98e18,1,0.5914736556093979
89e6c461be72,1,0.7161460396430784
8a149e05a7a9,0,0.19839820414690634
8a520bd5605d,1,0.9862995376312721
8a617a2432bd,0,0.33801405067778184
8a6e3661db56,0,0.10508537081052366
8a748e0a64f0,0,0.09463359423798795
8a7d87614edd,1,0.9758005303197174
8aa1c692ca99,0,0.20954192876595146
8ab5bb5bf6a2,0,0.10573479883026721
8acce1a7c296,1,0.5704618045731219
8ae58b38a60f,0,0.1730413589980605
8afb3f8835d1,1,0.5440217613228754
8b1713fd2a13,0,0.2050198126470181
8b5c74de2ad1,0,0.11561060902887747
8b7126fd8d57,0,0.25478713014106746
8b83198e8f4b,0,0.31323998837397754
8b91245f0c4c,0,0.25089029351369396
8ba5691479c7,0,0.16238764886420112
8baea667e0f0,0,0.3717376732734149
8c344020e49f,0,0.11470673021680122
8c6b00daf0a3,1,0.8530113681528931
8c7e978b267e,0,0.10925358644848192
8cd4de01cf7d,1,0.8576937145556193
8cd6bbbfc961,0,0.22761308512633524
8ce79812e880,0,0.1314047198903028
8ce9a1ea1a78,0,0.09115604781142612
8d46d2db996b,0,0.11450933804965084
8d58a8ce46e6,1,0.6320518396561287
8da85827764a,0,0.13004764312997943
8df88603a4a0,0,0.09773667325435614
8e68381d37bd,0,0.04983433656214431
8ec416283255,1,0.9874130181894152
8f6433e18e3a,0,0.2564470156140721
8f8ca9cacc2b,0,0.12119299862906555
8fb268ca7aa4,0,0.2060678779369856
901898556b8a,0,0.26743742654087854
9047b69896f6,0,0.38413279877647394
90d11ee8bfb5,0,0.18645059539494108
910c4205c426,0,0.22410361472272777
9186f4bf1324,1,0.9017914355371269
91a9752040e6,0,0.1637356023922496
91ae772ef193,0,0.4803448603903964
91af814aa087,0,0.12471206590416292
91d3a59cbe7e,0,0.362239819769417
91de792f6701,0,0.13549523224959586
91fb5f33578a,0,0.25526961459392966
91ff1ed93a01,0,0.16719087737954333
923bb22b7260,0,0.11281581656746593
923ca5237c67,0,0.155457830238286
926f8f9aa34c,0,0.36381284677445885
92920b782bde,0,0.1040713288482195
929259cdcec2,0,0.2394551479370958
92d1085c5c21,1,0.6248654281582342
9319fdf0aaa3,1,0.9690034265138713
9347d775481a,0,0.31928319863357424
93bab4dfa153,1,0.9192700323644307
93cf7f84506e,1,0.738697377159242
93de5bda5f0d,1,0.940894040969303
949f868532c6,0,0.17935785876556223
94a70ed74d6e,0,0.09273210084061677
94b91a5ec437,0,0.10123223986440462
9502997a30de,0,0.11507926499799001
950e7bdb0b5e,0,0.09783994611476941
95178f5fae9b,1,0.5709823646541987
95447ce78c34,0,0.31474780926835544
954486f07835,1,0.9519380033864583
9625c4ac8e05,0,0.42241455036458186
962c4c4559e8,1,0.8747046892194803
967c3749a8d8,0,0.17088254294788688
96967bd3cc24,0,0.1387869928682231
96b7e75afc67,0,0.12091595638418327
96cd71da25bf,0,0.1067639829932819
96db251430ce,1,0.9233470322388506
96f29e29ea6e,0,0.1503841514682111
96f801a1d751,0,0.33861913949993566
9771d2d6334d,0,0.13845880664816687
97aae05f38c5,0,0.3117317881047301
97bffeec4182,1,0.7241326232142307
9809548e887b,0,0.12245748632403956
9839bafd0d42,0,0.2044753548844903
9849b9c61ff8,0,0.19288902272930297
987618fd97b2,1,0.6413861393593362
988e0e51ca55,0,0.21680062361081381
98949aa9789c,0,0.10445246764381327
98a2e1d61c59,0,0.34201241551802664
98a6b6073fd2,0,0.2643768800321812
98c45189ca58,0,0.1419211974250538
98c9ad88e9a7,1,0.5862770104069146
990b66be746d,1,0.9689624739324739
997a8ef18924,1,0.8074628357567141
997f06ffbb6d,0,0.3120629783109775
9987f7b9dc9e,0,0.23340373693581648
99caf59e907e,0,0.3306488881292348
99e6e472f0a8,0,0.0911762185802653
9a25a3c0c9fe,0,0.13963185274045098
9a515d7996af,0,0.1696633298865983
9a764c6dc23b,0,0.21125069171184263
9aa291f231c0,0,0.44478584768441576
9b2e476d9269,0,0.1487213189391652
9b84529bfebc,0,0.40009160378767655
9c07f37b2ad3,0,0.24735641466234753
9c112de790bc,1,0.5612169760334603
9c2fffa51ca2,1,0.587865769357035
9c9504785236,0,0.3114505885621526
9c9ad4899d3c,0,0.23055390397780842
9ccf33adbd53,0,0.3536004424839292
9d10131375b9,0,0.1891865084546014
9d196a01d9e7,0,0.2009397186087147
9d3305d4cfbf,0,0.3349879625884658
9d3f4802c672,0,0.13965292350622785
9d4c051ca8e9,0,0.24519877424820521
9d85501abc12,0,0.11554012002493332
9d950cb4ec62,0,0.20846268944271695
9da85c2a33ed,0,0.26020929679549476
9db964131a57,0,0.13867477712325668
9dbe10518e52,0,0.07913009887021406
9df04505b66e,0,0.2739552229006654
9e0ca62d673f,0,0.14726764395817782
9e14223ade95,0,0.1816735194760905
9e32ef26b6a8,0,0.1268137740098302
9e60ab5ee5dd,0,0.3482585287321717
9e619f261959,0,0.25399677475561894
9e694ee1912b,0,0.16410885187571267
9e725f4fe5ad,0,0.19425351571203053
9e970fcc7fc0,0,0.20254457415039195
9ebee07d99f2,1,0.7718902064031113
9eedcbd894de,0,0.13963236511415572
9f429789a6d4,0,0.31444722047489304
9f540480a5cd,0,0.16194586909523184
9f6bb9bdb419,0,0.11049474948332628
9f9ca07679bc,1,0.761223297293821
9f9dd58c434f,0,0.15839072621190964
9fe01f691abd,0,0.3052372836183035
a077c9ddcd17,0,0.26608268540696167
a0ad91771daf,0,0.16692986431696274
a0cc7a6b8b93,1,0.8185418155412729
a0d64409fb93,0,0.2633888216725032
a0de0bbd6703,0,0.25539596720230373
a135b2ab8447,0,0.4927510431128921
a15f8ef0e1d0,1,0.6442033822952389
a197ffd0a54f,1,0.9822923220705946
a212aef948b6,0,0.10407311498089271
a25083ddbb90,0,0.11726217333238127
a256921465e9,0,0.11144343967824193
a29781b32553,0,0.3198564129083966
a2cd66f35352,1,0.5923787511679794
a2df2132f134,0,0.11322648594258507
a32869d2b341,0,0.20039940657450792
a38c010baa36,0,0.1492560174180851
a39138db8c9c,0,0.10342075746966757
a3f11c8af4f9,0,0.09310178945610924
a40624aef9d2,1,0.5010813529520004
a42542670665,0,0.19329381107784135
a438492239fd,0,0.4028378887894758
a4422e2bf98d,0,0.17955406259371678
a4550b242278,0,0.10483609653241897
a48de7b6a450,0,0.2530482172657992
a4a515e24732,0,0.20939379309263778
a4eaa0106885,0,0.3016386105292377
a503a041b57c,0,0.18009078669604212
a50de1ef7ad6,0,0.19579075978795482
a52f107c4156,0,0.2020056492405845
a54f97351288,0,0.10251188236667183
a5a0c956bd32,0,0.14408027314377098
a5f22eb24da9,1,0.961662396995463
a6690ad1fda6,0,0.34541262261852707
a68d7f7527fa,0,0.19525150431375526
a6b54fd96994,0,0.1721025218812149
a6d919ba4164,0,0.4981510621986822
a70a9d8a9cfe,0,0.24148503815287414
a7292c2f6151,0,0.1475464666798544
a73be9661987,0,0.06923024136595425
a7661069021c,1,0.6184548632034201
a768afdf30ac,0,0.3894901039838668
a7699c17909d,0,0.2186163268572259
a782232e420d,0,0.3080347296574952
a79f2891a33e,0,0.17556042636995473
a80a94c239ee,1,0.5753166146520379
a8141174316d,1,0.9439978376852041
a817154a88f2,0,0.2818431698951792
a8224eb9310a,0,0.1879717641209528
a825ddc96c5d,1,0.9392737580339883
a8481126a3b9,0,0.21393950047296376
a875590d5fb7,0,0.1856549563416616
a89d4afaf895,0,0.3769945316564513
a8c9a4fd3b25,0,0.2690009461241797
a8f59c6c3c48,0,0.21806445551851664
a9299771193b,0,0.21366667424570812
a95d165eaea7,0,0.15529628019736902
a96a511f726a,1,0.7645081223063607
a96b64f181bd,0,0.3735551213518981
a9aa64f73e63,1,0.5577944618130826
aa197483164d,0,0.10317586476060879
aa7455cee351,0,0.12966288084498337
ab5c0f5c8e0b,0,0.3528922557118266
abc3382b3e7b,0,0.07582871772123928
abf21583dc1a,0,0.09850914728196718
ac4208c6f356,0,0.22872860791793306
ac42d048f713,0,0.2581388392814415
ac697ab7e169,1,0.8134243400354976
ac8393f98e9e,0,0.3718695390232972
ac86931e3a20,0,0.2026115692145523
acd3ed936ff7,0,0.08286875649382347
acd85db720c0,0,0.19619574482556795
ace8358d9f0e,1,0.7407433746631849
ad174e2d9033,1,0.9401417583730562
ad60e9a6e559,0,0.07440163471466071
ad7f2f047617,0,0.2185427843207863
ae0564c4098a,0,0.0981834983420555
ae28635f78df,0,0.09025168102489368
ae661a9ffda0,0,0.27794656649483307
ae6e7328fd3a,0,0.24720485272185255
ae754e61e2cf,0,0.2153633032690039
ae81a1fc5b4a,0,0.16399221112572032
ae9227af6936,0,0.10022679388162674
ae9d624d8e7f,0,0.43386986576449493
aebbcde29f21,0,0.10135307992976532
aeca04bcbfda,0,0.21765731269927052
aefb3b4b7983,0,0.15432364795894313
af56499a38d6,0,0.14475651006925155
af5e4e052e28,0,0.43895680370720275
af66e73439e2,0,0.2366053428935067
af69347bb8bf,0,0.34469209163382364
af861bdaed69,1,0.8822638032347436
afa6feb1b3f2,1,0.8664060411659896
afad7280664c,0,0.4183621067791094
afb9f97ff735,0,0.25998977144385016
aff50add5aab,0,0.0950018979982786
b0141b13b5ad,0,0.24218176226580723
b02197813f58,0,0.42645583340408283
b0289dd6978d,1,0.9910937230244623
b05384575df1,0,0.18242148703914088
b05a229f8f13,1,0.8482218846850758
b07834d0e4d3,0,0.22406357506952818
b0f6d9810d68,0,0.25869366265277943
b12cbec80a0a,0,0.2900488939773343
b1334bdbc63a,0,0.09005094177642088
b13bff6fafcc,0,0.12830204422701053
b1894bc78dcf,1,0.7403557976780792
b18db64e4196,0,0.10941399753540272
b1aa3c6f310f,0,0.09557288059906494
b1d735368ff0,0,0.15790548363438944
b1f822dcf79f,0,0.12101054462719316
b220b471db28,1,0.6202733998118966
b23f7aeff088,0,0.12771805925828209
b2bf9785b1e1,0,0.41762241682329726
b2c1fe22d3fe,0,0.3117219079163666
b2d9acaa01cf,1,0.5240365454591738
b2e69cef9b51,0,0.15044549731949564
b2efba4e5491,0,0.23868683619318842
b31259613b01,0,0.3404155915538417
b327c940b07c,1,0.7586386926965059
b33db8b54e01,0,0.21613293621406304
b33fdf6fc8d0,1,0.746470010992117
b367dcf6fbf3,0,0.24563843572977317
b379b9b77a24,0,0.18233519212339067
b37b1e60d284,0,0.36466735507592285
b3b039fe8894,1,0.7696848174361965
b3c9efdda308,0,0.3090255550193364
b3d8d408494e,0,0.24462576034593014
b3dfb0a4ad5d,0,0.10115181643607671
b3f8a5299d43,0,0.2909346003708764
b406d40414ef,0,0.4883753451195083
b41df4ed7454,0,0.28697744245809176
b4614ab02f9f,0,0.145113151818313
b4ba1f759878,0,0.15399928190279735
b4c4dd63d204,0,0.38897940904905565
b4c8238902ff,0,0.10063005632729406
b4e8a8765431,0,0.09065128544657863
b519f653eab7,0,0.4827412899212282
b52eaa01ba64,0,0.10714174415463805
b56f304ec734,0,0.13307976221450452
b5767340974e,0,0.14340447661902986
b693b0c5f2dc,0,0.1085693323489068
b69fe1b06be4,0,0.1768528844650713
b6b727c9713f,0,0.17731795994269625
b6d747e9b898,0,0.47340637864705787
b75203b911c5,0,0.24544589788568358
b7a97ca4e9eb,0,0.2801956711301419
b7af446b90fe,0,0.15567124311417394
b7b25a0789c3,0,0.4091483544893637
b85251f79f63,1,0.5473606086957014
b871fae10dff,1,0.6138920855327511
b88fcb123d9f,0,0.12924906547483286
b90c7bef9212,0,0.1416354729590755
b956ece35b8e,0,0.1693345288025213
b9964986e3d4,0,0.21320947415870192
ba2c54010615,0,0.3170350423915433
ba3d47f2773b,0,0.13346533292544796
ba565a0d3238,0,0.19481289251998626
babeaa02b3cb,1,0.9745532277525009
bb296979e5ab,1,0.8455393000617816
bb2a56490a84,1,0.8464194985022081
bb594a8904e0,0,0.4295945245211771
bb66263d70cc,0,0.49282023094721955
bb7297b6c6b8,0,0.22036281815203232
bb7c2b048331,0,0.1474715325595547
bb8cb3575f6a,0,0.14305885106890304
bb9f45a6643b,0,0.1447321217453479
bbf7c6723755,0,0.1937893107705221
bc140a542015,1,0.8862089071391757
bc76784dcc4d,0,0.16888096035197198
bcc36fc7b465,0,0.269927229882828
bce49dad6d93,0,0.19291931663866382
bcec400260fc,0,0.18840195271393717
bcfd6fa8cfcf,0,0.14008957826773435
bd0c9e92d0f9,1,0.9779177257989732
bda18c551dfd,0,0.27357462593067244
bdbb96dcb78e,0,0.10693527923284075
bddc99172723,0,0.10802701129809675
bde21afbe500,1,0.5619383633427517
be12a3aeea9d,0,0.21226430945307168
be2c407a82ac,0,0.41676806497937496
be6a49ce2d4b,0,0.23716137130159018
beaa9d85434c,0,0.45691765752650726
bed24628ef6a,0,0.38074121588099125
bee4100f7766,0,0.2014442260387193
bf344ff7fe71,0,0.26279952602479395
bf4d7b602da0,0,0.46560090001342747
bf8ee1d3063a,1,0.8633629180847293
bf9d9e9e6a81,1,0.9734494021758313
bfb58528df25,0,0.39362433180400935
bff9a4e6ca07,0,0.11998745678296506
c054156cd19e,0,0.20696414574240388
c06d03d65ca5,1,0.5987815902500708
c087ee51092b,0,0.2389477139687129
c0be66929e56,0,0.14686185619600095
c0c6b4eb6e0b,0,0.1027145151522512
c11d10305823,0,0.16219450508858438
c17bf9814f4f,0,0.22755311808427883
c1ac39eda714,0,0.19519855508307427
c1f344dca8ab,1,0.5647780023329825
c269236d72f1,0,0.32641398463422777
c26b08946bb0,0,0.1703051728331139
c287b978a542,1,0.5019604267948969
c31e6a8b93c4,0,0.35534640663514544
c36e5658e1e0,1,0.6906592325373034
c3e50243b300,0,0.16130565895622806
c3f0e9c9a7f9,0,0.2931391060624223
c4cd1e1167dd,0,0.11618048268725144
c4f62bca4460,0,0.30590747818438924
c4fc8b8a482d,0,0.43437413755740867
c580fc25399a,1,0.9938272478002048
c5846d5c8dc6,0,0.10317735489672755
c59f87e5a2a9,0,0.34038925088170624
c5be6105b9e2,0,0.27618638950904933
c6570d7b9fbc,0,0.49973054120866006
c68d8b0edd2d,1,0.9725784923870412
c69dd8950f1b,0,0.10896603508780349
c6c9bb7cff44,1,0.7905383501775115
c6ded851a25c,0,0.09661615957287242
c739150fc0c3,0,0.2037811187510266
c73ba725ff2c,0,0.10778385244787639
c74c17f9c535,0,0.11741472444061142
c767a60f03c6,0,0.12485749972635832
c7901239dd11,0,0.15266110377408057
c7ade5dc97d3,1,0.9662754550403038
c7e9220b791a,0,0.16768492845282582
c83dabe485bf,0,0.2940161639633136
c8e34159ba0e,0,0.4770245733248244
c8eec6737407,1,0.8350198492157963
c91c2d8801eb,0,0.26216720183221065
c91d4884fa65,0,0.1782035794044705
c94d1271be40,0,0.20767903116028377
c98ab996b5c9,0,0.12475904279022683
c99300803381,0,0.31117550108921693
c99a04bf7859,0,0.1463157718783197
ca07b9d62c2a,0,0.2162516653406537
ca28e77321d1,1,0.56184044029132
ca62d94fb970,0,0.4741342840129433
cb22075d58d6,1,0.8487905853897851
cb23f19c1267,1,0.5364233044020166
cb98ccc9a247,0,0.28516095847411993
cb997cae3cb5,1,0.9844467110917754
cb9ac3048dcf,0,0.464536408403595
cbb9574e81e9,0,0.2564854218513208
cbc7bf286615,0,0.12956966435324815
cbcb8f4c5a93,0,0.12858557794134012
cc134fddcbab,0,0.24119190244257666
cc4b037937ad,1,0.9772349740389455
cc4ef37ddf69,0,0.2679867935669553
cc548e9244ea,0,0.12814468391758427
cc8c70dea327,1,0.9093823531863925
ccabeafdf493,0,0.09854765501566895
ccb1db32a1de,0,0.16083094531134887
cd25a6d061c6,0,0.09832299103214073
cd63b1c5124c,0,0.378230853442663
cd8a6e0300e3,0,0.4531519630077472
cd9d06e45b56,0,0.19052340159018535
cda1f1a431f4,0,0.20746857042995526
ce176374815a,0,0.2364339701521235
ce2eb17c4489,0,0.22777686883079803
ce6e4ddebe12,0,0.204243040731001
ce795fe5ffe7,0,0.3648304781826519
ceda0da00a79,0,0.21746286631783007
cee943819685,0,0.22933568184293063
cef5f7eec5b1,0,0.14480584906194094
cf357870c24e,0,0.3096392264904787
cf38ff2a7bfc,0,0.15210595651952935
cf80e98e5cbf,0,0.15792894323870724
cfa4955be7df,0,0.117565065465268
cfa6ba7bb10b,0,0.1552796829259782
cfaf526e6872,0,0.31671452229169383
cfb9a33ec28a,1,0.600718672157461
cfd6823ce9e9,0,0.11859638347518227
d0544f524593,1,0.5525737426387289
d059234d9f0a,0,0.19375400769486745
d06db67d0f3b,0,0.422486461897209
d08125eb2649,0,0.1470406066194098
d0a2e9106b8f,0,0.1259190974372889
d0b7953f93e3,1,0.8702627106121832
d1093fdddaf2,0,0.2675766532949155
d120588b0073,0,0.1386629043913239
d15003575bf8,0,0.19250065453288384
d18a15fd948c,0,0.43592681700040387
d19fcfaa3ed7,0,0.10756007243967293
d1c064c8b3fd,1,0.548798391059475
d209574e64c3,0,0.22585810829609268
d225400fb3b3,1,0.7052772501701666
d23fa91222be,1,0.7514868648933859
d25562abecf9,0,0.15099314899865562
d26da6bad92e,1,0.8638092003241834
d26f7c0fc362,1,0.9916372713878484
d279022363a7,1,0.7558662084035594
d29987cebf67,0,0.4691535761233809
d2dabbf00551,1,0.8155464616476483
d351fa557607,1,0.5583928318851182
d3ac41cdb0da,0,0.20428406379558403
d3d34e023476,1,0.9862058504865462
d4ab9030d5d5,0,0.11063217260923609
d4b6fd8a8a0f,1,0.9369208470444823
d4c616a5c955,0,0.10887057727612236
d4d70c6a4318,0,0.12289561871368336
d50c3d6906f1,0,0.44546319521117966
d528c151d963,1,0.526391447322131
d57a85b53dd3,1,0.5703164412696707
d59cc4df64a1,1,0.7563952047844993
d61e70e0c931,0,0.4648065676955198
d6400b2f9013,0,0.17498699227272244
d6635c47c899,1,0.602446646524666
d6bb9f02386c,0,0.46560791247508154
d6c06c139f05,0,0.20285896985559101
d75080afb9aa,0,0.25818315930704094
d776037e3bcf,0,0.20105137462821662
d7f7c22781a0,1,0.6726080805839302
d817725366e8,1,0.5211797462475002
d82853de2439,0,0.3646051397495619
d8367583582c,0,0.45807634106835493
d8502bd91beb,0,0.38909305266137345
d89159682477,0,0.18697144294361143
d8b3317b4c19,0,0.23593347044806623
d97cbcb3a642,0,0.10927120387753718
da2b8b711ee3,0,0.1688212477598345
da580d4dd7b6,1,0.8679535865078137
daaccbb8f6c6,0,0.28167263503982265
dad94e0971ef,0,0.33457094885678806
dae98b56829a,0,0.12763461170657367
db3109ffece9,0,0.28500762657903284
dba629341a9d,0,0.4930475900895289
dbbe4e59b40b,0,0.1255890013086333
dbdbb0eb05d1,0,0.18133957365351544
dbfd154d27f7,0,0.09699353402532129
dc4c1a673e08,0,0.21998668956835427
dc5013c48967,1,0.6230577794977927
dc67a4d2e0a9,0,0.24743508846074036
dc7f13b26502,1,0.8006161659783304
dc9cbf9bdec6,0,0.18471377898133046
dca88f4eb6d0,0,0.22113696634701385
dcbffaccfd9d,0,0.130008683717407
dcd1992575f4,0,0.09900642526782187
dce16de8edc9,0,0.21560371504035866
dd27522f69d1,0,0.20509980587140686
dd2e2d9432a0,0,0.14154721243922883
dd356495e7a5,0,0.11115813877269348
dd61825d4af2,0,0.3940342437320427
dd6350114feb,0,0.15913184949736778
ddef2fa99563,0,0.3794896642345551
de07c979e97e,0,0.051465763464162574
de1948f94dcc,0,0.09771666503498071
de321ff63f16,0,0.17422798160184244
de3bd67b5a8a,0,0.10248604111149931
de3f43953cac,0,0.23844428312599655
de47a3fa9102,0,0.1431881922199805
dea87e838c47,0,0.13307872160990253
df4f30c449d1,0,0.17008875163167578
df65fe29288d,0,0.3693160036414666
dfc17535ed0c,0,0.09373491339399664
dfdd280fbaa6,0,0.4314780957618162
dfe801996ea8,0,0.2762798723809292
dfec633fb7b7,0,0.10925373148446463
e013417cdc1a,0,0.37649808747574715
e014d19b4330,1,0.696794560896734
e03174c9d68f,0,0.10330083560004566
e045ddec0157,0,0.12668245618949636
e05fb68934bb,0,0.09643441773791823
e0664a042d8e,0,0.4406884374273362
e0a50e12c497,0,0.1027082665351611
e0c8b574f952,1,0.8088903552722847
e1677e583120,0,0.11327895796962417
e1687aa492e4,0,0.10071467833761936
e1a8c60b6b56,0,0.14622082575114032
e1e58f2c2c0d,1,0.9296400332179624
e20f7aeb0fb0,1,0.8450508128923018
e2b928b5adb2,0,0.3661643440309586
e2d006871bef,0,0.1802042588176915
e2f720aed5ae,0,0.10024184604919095
e329cc382eab,1,0.7017790534618193
e35cf4740f69,0,0.14093318841678176
e37db9a88e08,1,0.6821393661240576
e3890839b0c1,0,0.1365166134864812
e39715248881,1,0.6364781316124546
e3b26b24851e,0,0.1736594184740277
e3fc589c3939,0,0.09973992842560955
e3fedf899d08,0,0.14218675403919387
e44244867a80,0,0.2033914739410462
e4486f09604c,0,0.08188246645552122
e4d87cd372f0,0,0.12446629128390346
e5f45a437cb6,0,0.17828539897262113
e5f7f11bbda8,1,0.9909111351974275
e656c1801e59,0,0.1852802408630411
e669c636f745,0,0.33587451379754424
e6831da611e4,0,0.19901048689858825
e687671267eb,0,0.15857197634285125
e69801da2dcc,1,0.5647949157523222
e6aa70f795f6,0,0.1793777354850124
e6ad3609cc34,0,0.4011920020563268
e70ef9db85e2,1,0.6663318166005954
e725c680cd69,0,0.051317562145138364
e759e3020f62,0,0.19158892922696638
e76601f66008,0,0.07301557157246381
e7c0a8187501,0,0.29857381307984654
e7d690b54b70,0,0.3809381530445309
e7dc26a2e7dc,0,0.10514586285820933
e7dd83569ac4,0,0.4564633247156435
e7e9567a9e75,0,0.09639545830224083
e7ea1f3c3031,0,0.12595688294663093
e7ee50374505,0,0.15713906378874937
e811ecad2ced,0,0.33397400159453333
e813972d469f,0,0.11906182766586781
e84639bab096,0,0.37004804116504525
e852f05323af,0,0.2702850064098263
e85d8dd422d0,0,0.20070371605128529
e86c45d0bd36,0,0.09922162610580872
e8d6ff0c6b5c,0,0.3549884808105888
e8e4cfdbcf5a,0,0.14078953253629195
e8fadc316ce0,0,0.2063055790721894
e8fe7f4b98ce,0,0.13540510152296448
e912bd6653af,0,0.08697527877709067
e94c1855ea78,0,0.3185650588652005
e96188429d4f,1,0.6735801519709612
e9e8d55a3059,0,0.29036461026679844
e9f3edf88504,0,0.16401546996600658
e9f54e7671c8,0,0.11510478314844141
ea0e738e9de0,1,0.522673670977213
eb44b2a343ee,0,0.43676438982106314
eb5200080a80,0,0.319074573745822
eb73448fc651,0,0.1789565427063318
eb760d30a770,0,0.4963818114908496
eba0db02b9a4,0,0.11162273750358727
ebb1c3769559,0,0.1416869837311759
ebbc34e5b0e3,0,0.22407878497648265
ebd96a27de3b,0,0.11429377655455668
ebdd0a6e98e8,1,0.6316556779529385
ebfa2999beac,0,0.30901100628584505
ec388d7c89ea,1,0.8066828353385691
ec85aa83dad6,1,0.7054426660623992
ec97c3779dda,1,0.5859639350255886
ec9e2c06dde7,0,0.22764420495911125
eca8250d6fd0,0,0.22128454528290428
ed3883d0c6c0,0,0.28668796191010876
ed4c3f0d111e,0,0.2045360613211083
ed505f4603c8,0,0.16014947096219925
edd637de82fa,0,0.3276643753457787
ee0ebddebd49,0,0.15435613575218698
ee5262edcc00,1,0.7862514053693619
ee5bfc73e29e,1,0.9346281291854232
ee5fcfd124f8,0,0.11902112736252575
ee708109147b,0,0.42837975512110393
ef10c3e55946,0,0.1512054368585984
ef4b04a4edb4,0,0.3137001515666423
f002173c0508,0,0.2715825076072534
f00f07e72739,0,0.0874549890663789
f019a5146f18,0,0.33998285216644936
f056c7916e06,0,0.18689837086067154
f08274db932f,0,0.24699830095396294
f0925e3d5381,0,0.19194366371186708
f0b350163e5b,0,0.17871675611877338
f0cface7ed74,0,0.1598768736752881
f10bb7d7a842,0,0.2930237812333235
f1145f2986be,0,0.09586632390600468
f1262c84134b,0,0.19584884174427056
f15a518cafbd,0,0.4801107463464839
f1bbac206d95,0,0.4645277756260166
f1ce1e302006,0,0.1831316066424491
f1d500f65fa5,0,0.1179690054287195
f22406dad3a0,0,0.46580020966080654
f2274188c32a,1,0.9577531423577773
f23e31833a54,0,0.4295567584289716
f252c90b902e,0,0.2122280387144374
f259bb1545f6,0,0.12113821858301145
f29663f8fd48,0,0.18758924951456568
f32d633129f7,0,0.15505518738935165
f345de421162,0,0.31115071831276025
f3852c81b094,0,0.37768167774316014
f3922ec7bd16,1,0.88489194670111
f3c6408307c6,0,0.14537266497944074
f3c9462cf896,0,0.18308833190823073
f41a2987e781,0,0.09958086751572297
f42f07f349f0,1,0.6111177026064318
f4489e176ee1,0,0.22100180780695117
f48c65c0629d,0,0.2816496201092829
f4ad700c3a20,1,0.829074005468462
f4de60e27c1b,0,0.11654908135887178
f4defa73680a,0,0.2507951549634059
f54d06bf3ff9,0,0.40303558102215087
f565483ec6a6,0,0.2560112787334463
f59da81e01af,0,0.14844479715561187
f5b18cadb42f,0,0.09089259041863525
f5b962612022,0,0.34016048760920775
f5bd5a4f72d6,0,0.12293200432787349
f5e630f4b594,0,0.09964296987110731
f5e97bf06974,0,0.11653819295176575
f5fb489e3ad0,1,0.7939679299475896
f6498c4175c1,0,0.3382882593980011
f6a9b04a5056,1,0.6864848471007795
f6c3ea102e62,0,0.21914338992905444
f6dccbf1ed19,0,0.11417342282092842
f7362937c29d,0,0.09772099897733309
f73815989054,0,0.4146089805760723
f7456c3b5be7,0,0.21727898288354683
f7547d95789f,0,0.12938865583762615
f77e20db3e68,0,0.17285291653416374
f78c2a237967,0,0.24053365244771857
f78e39838e48,1,0.5922597606242282
f7b01b6ec1c7,1,0.9887556110788935
f81c33ff560e,1,0.8914371878088888
f88916d34966,1,0.5104846686275833
f8ba719b23d0,0,0.4354943939897171
f8c992b46425,1,0.8277709578846607
f8d25818a5a7,0,0.43047371795491435
f8e1b7960c45,0,0.2332057664932349
f8e1fd79360f,0,0.08951275049569413
f8f4224c6894,1,0.7053853939497098
f90671f6ad0d,0,0.27022032191504763
f9346102f9d2,0,0.28296398975606296
f9855102a893,0,0.23130868938379065
f9a5ba4ecb1d,0,0.26855198570757177
f9a7b751a135,0,0.13945019758200072
f9bd171a05bb,0,0.09997772587403786
faacb07c59b8,0,0.21701645057563454
fab8afca35cd,1,0.6686449303431838
fac7fe47a847,0,0.11341633770913082
facb4e776b21,0,0.27843728086107644
fad18d73d7bf,0,0.08745153547770453
fae7c9506962,1,0.9408540676180308
fafc8359dd2b,0,0.1656189317074278
fb3b820f8f45,0,0.2504460320717087
fb711753cf05,0,0.09870943055290218
fb7715ef956c,1,0.9721164945892931
fb79289e3495,1,0.7662031361868256
fbaa6f0844e7,0,0.18813718654255598
fbcae0b3063b,1,0.9338679569506095
fbe8347be7e0,0,0.18998782150047958
fbf2646582a2,0,0.3075734976698289
fc135c9ae7e9,0,0.10037115293401867
fc1c9f4f1b9c,0,0.2899851398985602
fc1d228c6625,0,0.2387533554240209
fc8a372b6269,0,0.2857734814811784
fcaa61c10df2,0,0.22952362123495212
fcee3a2ef5f5,1,0.6336813659266061
fd0d87838470,0,0.21025711324735064
fd72535c12c5,1,0.5304206847610595
fdb413db298c,0,0.10513867792724756
fe5a846dfe1a,0,0.10509780780309957
fe80850fa3c1,1,0.908507949077946
fe87d82957e3,0,0.23412511673792527
fe8f24950402,1,0.9042630484223908
ff41e3af73f4,0,0.25855413438711145
ff43ddb91a95,0,0.1459826699867501
ff46c9a7a009,0,0.1708804258743976
ff801c53582d,0,0.42570119769593684
